{
    "loss": 0.6169548630714417,
    "accuracy": 0.931034505367279
}