{
    "loss": 0.46648338437080383,
    "accuracy": 0.9568965435028076
}