{
    "loss": 0.5718680024147034,
    "accuracy": 0.9396551847457886
}